Name,Year,Innings,Overs,Runs,Wickets,Econ,Avg,SR,5W,BBI,Team,Category
AMIT MISHRA,2008,6,19.5,138,11,6.96,12.5,10.8,1,5/17,Delhi Capitals,BOWLER
AMIT MISHRA,2009,15,58.1,420,18,7.22,23.3,19.4,0,3/14,Delhi Capitals,BOWLER
AMIT MISHRA,2010,14,53,363,17,6.85,21.4,18.7,0,3/25,Delhi Capitals,BOWLER
AMIT MISHRA,2011,14,53.2,358,19,6.71,18.8,16.8,0,4/9,Delhi Capitals,BOWLER
AMIT MISHRA,2012,14,47,377,13,8.02,29,21.7,0,3/1,Delhi Capitals,BOWLER
AMIT MISHRA,2013,23,78,499,23,6.4,21.7,20.3,0,4/19,Delhi Capitals,BOWLER
AMIT MISHRA,2014,10,37.3,340,7,9.07,48.6,32.1,0,2/23,Delhi Capitals,BOWLER
AMIT MISHRA,2015,12,40.1,310,9,7.72,34.4,26.8,0,2/1,Delhi Capitals,BOWLER
AMIT MISHRA,2016,14,46,344,13,7.48,26.5,21.2,0,4/11,Delhi Capitals,BOWLER
AMIT MISHRA,2017,14,38.5,343,10,8.83,34.3,23.3,0,3/11,Delhi Capitals,BOWLER
AMIT MISHRA,2018,10,37,264,12,7.14,22,18.5,0,3/19,Delhi Capitals,BOWLER
AMIT MISHRA,2019,11,40,270,11,6.75,24.5,21.8,0,3/17,Delhi Capitals,BOWLER
AMIT MISHRA,2020,3,10,72,3,7.2,24,20,0,2/1,Delhi Capitals,BOWLER
ANRICH NORTJE,2018,3,12,83,8,6.92,10.4,9,0,4/1,Delhi Capitals,BOWLER
ANRICH NORTJE,2019,7,26.2,228,6,8.66,38,26.3,0,3/31,Delhi Capitals,BOWLER
ANRICH NORTJE,2020,16,61,512,22,8.39,23.3,16.6,0,3/1,Delhi Capitals,BOWLER
AVESH KHAN,2017,1,4,23,1,5.75,23,24,0,1/23,Delhi Capitals,BOWLER
AVESH KHAN,2018,6,19,204,4,10.74,51,28.5,0,2/1,Delhi Capitals,BOWLER
AVESH KHAN,2019,1,3,30,0,10,NA,NA,0,0/30,Delhi Capitals,BOWLER
AVESH KHAN,2020,1,4,42,0,10.5,NA,NA,0,0/42,Delhi Capitals,BOWLER
AVESH KHAN,2021,4,16,101,13,6.31,7.8,7.4,1,5/17,Delhi Capitals,BOWLER
ISHANT SHARMA,2008,13,43.1,331,8,7.67,41.4,32.4,0,2/9,Delhi Capitals,BOWLER
ISHANT SHARMA,2009,11,43,297,11,6.91,27,23.5,0,2/15,Delhi Capitals,BOWLER
ISHANT SHARMA,2010,7,25,236,7,9.44,33.7,21.4,0,2/1,Delhi Capitals,BOWLER
ISHANT SHARMA,2011,12,44,314,11,7.14,28.5,24,1,5/12,Delhi Capitals,BOWLER
ISHANT SHARMA,2013,22,82.4,660,21,7.98,31.4,23.6,0,3/27,Delhi Capitals,BOWLER
ISHANT SHARMA,2014,3,11,101,3,9.18,33.7,22,0,2/1,Delhi Capitals,BOWLER
ISHANT SHARMA,2015,4,14,159,1,11.36,159,84,0,1/25,Delhi Capitals,BOWLER
ISHANT SHARMA,2016,4,15,148,3,9.87,49.3,30,0,2/1,Delhi Capitals,BOWLER
ISHANT SHARMA,2017,6,18,179,0,9.94,NA,NA,0,0/12,Delhi Capitals,BOWLER
ISHANT SHARMA,2019,13,46,349,13,7.59,26.8,21.2,0,3/1,Delhi Capitals,BOWLER
ISHANT SHARMA,2020,1,3,26,0,8.67,NA,NA,0,0/26,Delhi Capitals,BOWLER
ISHANT SHARMA,2021,4,14.1,114,5,8.05,22.8,17,0,2/16,Delhi Capitals,BOWLER
KAGISO RABADA,2016,6,24,162,6,6.75,27,24,0,2/1,Delhi Capitals,BOWLER
KAGISO RABADA,2017,6,21.2,188,6,8.81,31.3,21.3,0,2/20,Delhi Capitals,BOWLER
KAGISO RABADA,2018,9,35.3,239,13,6.73,18.4,16.4,0,4/27,Delhi Capitals,BOWLER
KAGISO RABADA,2019,19,73.1,586,33,8.01,17.8,13.3,0,4/21,Delhi Capitals,BOWLER
KAGISO RABADA,2020,17,65.4,547,30,8.33,18.2,13.1,0,4/24,Delhi Capitals,BOWLER
TOM CURRAN,2014,8,25,193,9,7.72,21.4,16.7,0,3/23,Delhi Capitals,BOWLER
TOM CURRAN,2015,11,43.4,402,14,9.21,28.7,18.7,0,4/1,Delhi Capitals,BOWLER
TOM CURRAN,2016,13,41.5,325,8,7.77,40.6,31.4,0,3/21,Delhi Capitals,BOWLER
TOM CURRAN,2017,10,36,281,12,7.81,23.4,18,0,3/28,Delhi Capitals,BOWLER
TOM CURRAN,2018,17,51.1,486,24,9.5,20.2,12.8,0,3/18,Delhi Capitals,BOWLER
TOM CURRAN,2019,31,110.5,964,44,8.7,21.9,15.1,0,3/3,Delhi Capitals,BOWLER
TOM CURRAN,2020,13,46.2,471,17,10.17,27.7,16.4,0,4/22,Delhi Capitals,BOWLER
UMESH YADAV,2010,7,24,184,6,7.67,30.7,24,0,2/24,Delhi Capitals,BOWLER
UMESH YADAV,2011,6,18,169,2,9.39,84.5,54,0,2/1,Delhi Capitals,BOWLER
UMESH YADAV,2012,20,73,510,23,6.99,22.2,19,0,3/19,Delhi Capitals,BOWLER
UMESH YADAV,2013,16,57.5,508,16,8.78,31.8,21.7,0,4/24,Delhi Capitals,BOWLER
UMESH YADAV,2014,13,49,410,11,8.37,37.3,26.7,0,3/13,Delhi Capitals,BOWLER
UMESH YADAV,2015,12,42,382,10,9.1,38.2,25.2,0,3/1,Delhi Capitals,BOWLER
UMESH YADAV,2016,9,26,234,10,9,23.4,15.6,0,3/28,Delhi Capitals,BOWLER
UMESH YADAV,2017,14,48.3,410,17,8.45,24.1,17.1,0,4/1,Delhi Capitals,BOWLER
UMESH YADAV,2018,14,53.1,418,20,7.86,20.9,16,0,3/23,Delhi Capitals,BOWLER
UMESH YADAV,2019,11,37.5,371,8,9.81,46.4,28.4,0,3/1,Delhi Capitals,BOWLER
UMESH YADAV,2020,2,7,83,0,11.86,NA,NA,0,0/35,Delhi Capitals,BOWLER
AXAR PATEL,2014,22,86,528,25,6.14,21.1,20.6,0,3/15,Delhi Capitals,ALL ROUNDER
AXAR PATEL,2015,14,46.4,392,13,8.4,30.2,21.5,0,2/11,Delhi Capitals,ALL ROUNDER
AXAR PATEL,2016,14,47.5,388,13,8.11,29.8,22.1,0,4/21,Delhi Capitals,ALL ROUNDER
AXAR PATEL,2017,14,48,362,15,7.54,24.1,19.2,0,3/11,Delhi Capitals,ALL ROUNDER
AXAR PATEL,2018,8,26,218,3,8.38,72.7,52,0,1/21,Delhi Capitals,ALL ROUNDER
AXAR PATEL,2019,14,51,364,10,7.14,36.4,30.6,0,2/22,Delhi Capitals,ALL ROUNDER
AXAR PATEL,2020,15,51,327,9,6.41,36.3,34,0,2/18,Delhi Capitals,ALL ROUNDER
CHRIS WOAKES,2013,12,39.2,295,12,7.5,24.6,19.7,0,3/28,Delhi Capitals,ALL ROUNDER
CHRIS WOAKES,2014,6,23,198,8,8.61,24.8,17.2,0,2/1,Delhi Capitals,ALL ROUNDER
CHRIS WOAKES,2015,2,7,47,1,6.71,47,42,0,1/22,Delhi Capitals,ALL ROUNDER
CHRIS WOAKES,2016,4,13,89,4,6.85,22.2,19.5,0,3/25,Delhi Capitals,ALL ROUNDER
CHRIS WOAKES,2017,15,51.4,455,23,8.81,19.8,13.5,0,3/6,Delhi Capitals,ALL ROUNDER
CHRIS WOAKES,2018,9,33.5,340,12,10.05,28.3,16.9,0,3/1,Delhi Capitals,ALL ROUNDER
MARCUS STOINIS,2014,3,5,42,2,8.4,21,15,0,2/12,Delhi Capitals,ALL ROUNDER
MARCUS STOINIS,2016,15,39,309,17,7.92,18.2,13.8,0,4/15,Delhi Capitals,ALL ROUNDER
MARCUS STOINIS,2017,13,34.3,307,9,8.9,34.1,23,0,3/1,Delhi Capitals,ALL ROUNDER
MARCUS STOINIS,2018,15,35.5,369,8,10.3,46.1,26.9,0,4/17,Delhi Capitals,ALL ROUNDER
MARCUS STOINIS,2019,15,41.4,345,16,8.28,21.6,15.6,0,4/21,Delhi Capitals,ALL ROUNDER
MARCUS STOINIS,2020,15,31.4,307,14,9.69,21.9,13.6,0,3/26,Delhi Capitals,ALL ROUNDER
MARCUS STOINIS,2021,3,6,46,2,7.67,23,18,0,1/16,Delhi Capitals,ALL ROUNDER
RAVICHANDRAN ASHWIN,2009,1,4,13,2,3.25,6.5,12,0,2/13,Delhi Capitals,ALL ROUNDER
RAVICHANDRAN ASHWIN,2010,18,71.2,445,26,6.24,17.1,16.5,0,4/18,Delhi Capitals,ALL ROUNDER
RAVICHANDRAN ASHWIN,2011,20,79,494,25,6.25,19.8,19,0,3/16,Delhi Capitals,ALL ROUNDER
RAVICHANDRAN ASHWIN,2012,22,80.5,574,17,7.1,33.8,28.5,0,3/23,Delhi Capitals,ALL ROUNDER
RAVICHANDRAN ASHWIN,2013,23,75,508,19,6.77,26.7,23.7,0,2/18,Delhi Capitals,ALL ROUNDER
RAVICHANDRAN ASHWIN,2014,21,77.5,583,21,7.49,27.8,22.2,0,3/20,Delhi Capitals,ALL ROUNDER
RAVICHANDRAN ASHWIN,2015,13,39,228,10,5.85,22.8,23.4,0,2/5,Delhi Capitals,ALL ROUNDER
RAVICHANDRAN ASHWIN,2016,14,44,319,10,7.25,31.9,26.4,0,4/1,Delhi Capitals,ALL ROUNDER
RAVICHANDRAN ASHWIN,2018,14,50.4,410,10,8.09,41,30.4,0,2/18,Delhi Capitals,ALL ROUNDER
RAVICHANDRAN ASHWIN,2019,14,55,400,15,7.27,26.7,22,0,3/23,Delhi Capitals,ALL ROUNDER
RAVICHANDRAN ASHWIN,2020,15,51,391,13,7.67,30.1,23.5,0,3/29,Delhi Capitals,ALL ROUNDER
MOHAMMED SHAMI,2011,1,1,10,0,10,NA,NA,0,0/10,Punjab Kings,BOWLER
MOHAMMED SHAMI,2013,3,9,78,1,8.67,78,54,0,1/1,Punjab Kings,BOWLER
MOHAMMED SHAMI,2014,12,44,369,7,8.39,52.7,37.7,0,1/22,Punjab Kings,BOWLER
MOHAMMED SHAMI,2016,8,25.1,244,5,9.7,48.8,30.2,0,2/1,Punjab Kings,BOWLER
MOHAMMED SHAMI,2017,8,26,243,5,9.35,48.6,31.2,0,2/1,Punjab Kings,BOWLER
MOHAMMED SHAMI,2018,4,13.5,144,3,10.41,48,27.7,0,1/29,Punjab Kings,BOWLER
MOHAMMED SHAMI,2019,14,54,469,19,8.69,24.7,17.1,0,3/21,Punjab Kings,BOWLER
MOHAMMED SHAMI,2020,14,53.4,460,20,8.57,23,16.1,0,3/15,Punjab Kings,BOWLER
ARSHDEEP SINGH,2019,3,10,109,3,10.9,36.3,20,0,2/1,Punjab Kings,BOWLER
ARSHDEEP SINGH,2020,8,24.5,218,9,8.78,24.2,16.6,0,3/23,Punjab Kings,BOWLER
ARSHDEEP SINGH,2021,2,7,53,2,7.57,26.5,21,0,2/16,Punjab Kings,BOWLER
CHRIS JORDAN,2013,7,23.5,201,8,8.43,25.1,17.9,0,2/28,Punjab Kings,BOWLER
CHRIS JORDAN,2014,3,11,94,3,8.55,31.3,22,0,1/25,Punjab Kings,BOWLER
CHRIS JORDAN,2015,3,11,123,1,11.18,123,66,0,1/1,Punjab Kings,BOWLER
CHRIS JORDAN,2016,21,68.2,582,29,8.52,20.1,14.1,0,4/11,Punjab Kings,BOWLER
CHRIS JORDAN,2017,26,85.1,656,30,7.7,21.9,17,0,3/17,Punjab Kings,BOWLER
CHRIS JORDAN,2018,22,74.5,586,21,7.83,27.9,21.4,0,2/9,Punjab Kings,BOWLER
CHRIS JORDAN,2019,29,103.3,918,34,8.87,27,18.3,0,3/26,Punjab Kings,BOWLER
CHRIS JORDAN,2020,29,99.3,878,28,8.82,31.4,21.3,0,3/17,Punjab Kings,BOWLER
RILEY MEREDITH,2018,6,21,177,7,8.43,25.3,18,0,3/15,Punjab Kings,BOWLER
RILEY MEREDITH,2019,13,48.4,392,18,8.05,21.8,16.2,0,4/21,Punjab Kings,BOWLER
RILEY MEREDITH,2020,8,29,218,12,7.52,18.2,14.5,0,3/21,Punjab Kings,BOWLER
RILEY MEREDITH,2021,7,27.2,228,6,8.34,38,27.3,0,3/22,Punjab Kings,BOWLER
JHYE RICHARDSON,2016,3,9,90,2,10,45,27,0,2/1,Punjab Kings,BOWLER
JHYE RICHARDSON,2017,9,30,231,13,7.7,17.8,13.8,0,3/30,Punjab Kings,BOWLER
JHYE RICHARDSON,2018,8,31,258,8,8.32,32.2,23.2,0,3/7,Punjab Kings,BOWLER
JHYE RICHARDSON,2019,6,23,202,5,8.78,40.4,27.6,0,2/1,Punjab Kings,BOWLER
JHYE RICHARDSON,2020,15,53.4,342,21,6.37,16.3,15.3,0,4/19,Punjab Kings,BOWLER
JHYE RICHARDSON,2021,12,45.5,373,20,8.14,18.6,13.8,0,4/24,Punjab Kings,BOWLER
MURUGAN ASHWIN,2016,10,28.3,241,7,8.46,34.4,24.4,0,3/1,Punjab Kings,BOWLER
MURUGAN ASHWIN,2018,2,7,53,3,7.57,17.7,14,0,2/1,Punjab Kings,BOWLER
MURUGAN ASHWIN,2019,10,34,255,5,7.5,51,40.8,0,2/25,Punjab Kings,BOWLER
MURUGAN ASHWIN,2020,9,31.3,235,10,7.46,23.5,18.9,0,3/21,Punjab Kings,BOWLER
MURUGAN ASHWIN,2021,7,26,168,8,6.46,21,19.5,0,3/16,Punjab Kings,BOWLER
RAVI BISHNOI,2020,14,51,376,12,7.37,31.3,25.5,0,3/29,Punjab Kings,BOWLER
RAVI BISHNOI,2021,5,19.5,129,6,6.5,21.5,19.8,0,3/26,Punjab Kings,BOWLER
HARPREET BRAR,2019,2,5,48,0,9.6,NA,NA,0,0/24,Punjab Kings,BOWLER
HARPREET BRAR,2020,1,4,41,0,10.25,NA,NA,0,0/41,Punjab Kings,BOWLER
HARPREET BRAR,2021,2,5,29,0,5.8,NA,NA,0,0/5,Punjab Kings,BOWLER
DEEPAK HOODA,2015,7,15.1,129,1,8.51,129,91,0,1/1,Punjab Kings,ALL ROUNDER
DEEPAK HOODA,2016,6,13,97,3,7.46,32.3,26,0,2/16,Punjab Kings,ALL ROUNDER
DEEPAK HOODA,2017,3,4,42,2,10.5,21,12,0,1/7,Punjab Kings,ALL ROUNDER
DEEPAK HOODA,2018,2,3,24,0,8,NA,NA,0,0/8,Punjab Kings,ALL ROUNDER
DEEPAK HOODA,2019,2,2,21,1,10.5,21,12,0,1/13,Punjab Kings,ALL ROUNDER
DEEPAK HOODA,2020,1,1,9,0,9,NA,NA,0,0/9,Punjab Kings,ALL ROUNDER
MOISES HENRIQUES,2009,9,28.4,223,12,7.78,18.6,14.3,0,3/11,Punjab Kings,ALL ROUNDER
MOISES HENRIQUES,2010,1,4,35,1,8.75,35,24,0,1/1,Punjab Kings,ALL ROUNDER
MOISES HENRIQUES,2011,7,20.2,174,4,8.56,43.5,30.5,0,2/27,Punjab Kings,ALL ROUNDER
MOISES HENRIQUES,2012,12,33.5,295,11,8.72,26.8,18.5,0,3/23,Punjab Kings,ALL ROUNDER
MOISES HENRIQUES,2013,11,28.1,247,10,8.77,24.7,16.9,0,2/14,Punjab Kings,ALL ROUNDER
MOISES HENRIQUES,2014,14,37.3,286,8,7.63,35.8,28.1,0,2/22,Punjab Kings,ALL ROUNDER
MOISES HENRIQUES,2015,17,54,365,21,6.76,17.4,15.4,0,3/16,Punjab Kings,ALL ROUNDER
MOISES HENRIQUES,2016,17,52,415,12,7.98,34.6,26,0,2/17,Punjab Kings,ALL ROUNDER
MOISES HENRIQUES,2017,19,35,347,4,9.91,86.8,52.5,0,1/6,Punjab Kings,ALL ROUNDER
MOISES HENRIQUES,2018,4,6,66,3,11,22,12,0,2/25,Punjab Kings,ALL ROUNDER
MOISES HENRIQUES,2019,6,8,69,2,8.62,34.5,24,0,1/9,Punjab Kings,ALL ROUNDER
MOISES HENRIQUES,2020,1,1,11,0,11,NA,NA,0,0/11,Punjab Kings,ALL ROUNDER
JALAJ SAXENA,2014,2,3,24,1,8,24,18,0,1/3,Punjab Kings,ALL ROUNDER
JALAJ SAXENA,2021,4,14.3,104,8,7.17,13,10.9,0,3/13,Punjab Kings,ALL ROUNDER
FABIAN ALLEN,2017,1,3.1,24,1,7.58,24,19,0,1/24,Punjab Kings,ALL ROUNDER
FABIAN ALLEN,2018,9,23.3,169,4,7.19,42.2,35.2,0,1/8,Punjab Kings,ALL ROUNDER
FABIAN ALLEN,2019,8,16,139,2,8.69,69.5,48,0,2/1,Punjab Kings,ALL ROUNDER
MOHAMMED SIRAJ,2017,6,23,212,10,9.22,21.2,13.8,0,4/1,Royal Challengers Bangalore,BOWLER
MOHAMMED SIRAJ,2018,11,41,367,11,8.95,33.4,22.4,0,3/25,Royal Challengers Bangalore,BOWLER
MOHAMMED SIRAJ,2019,9,28.1,269,7,9.55,38.4,24.1,0,2/1,Royal Challengers Bangalore,BOWLER
MOHAMMED SIRAJ,2020,9,27,232,11,8.59,21.1,14.7,0,3/8,Royal Challengers Bangalore,BOWLER
NAVDEEP SAINI,2019,13,48,397,11,8.27,36.1,26.2,0,2/24,Royal Challengers Bangalore,BOWLER
NAVDEEP SAINI,2020,13,45.4,379,6,8.3,63.2,45.7,0,2/25,Royal Challengers Bangalore,BOWLER
KANE RICHARDSON,2011,5,19,153,5,8.05,30.6,22.8,0,3/27,Royal Challengers Bangalore,BOWLER
KANE RICHARDSON,2012,7,24.4,168,7,6.81,24,21.1,0,3/9,Royal Challengers Bangalore,BOWLER
KANE RICHARDSON,2013,7,26.5,213,7,7.94,30.4,23,0,2/26,Royal Challengers Bangalore,BOWLER
KANE RICHARDSON,2014,15,52.1,398,20,7.63,19.9,15.6,0,3/31,Royal Challengers Bangalore,BOWLER
KANE RICHARDSON,2015,10,34,307,7,9.03,43.9,29.1,0,3/23,Royal Challengers Bangalore,BOWLER
KANE RICHARDSON,2016,7,24.3,232,11,9.47,21.1,13.4,0,3/13,Royal Challengers Bangalore,BOWLER
KANE RICHARDSON,2017,3,12,103,1,8.58,103,72,0,1/1,Royal Challengers Bangalore,BOWLER
KANE RICHARDSON,2018,10,39,295,19,7.56,15.5,12.3,0,4/22,Royal Challengers Bangalore,BOWLER
KANE RICHARDSON,2019,15,58,435,24,7.5,18.1,14.5,0,4/22,Royal Challengers Bangalore,BOWLER
KANE RICHARDSON,2020,9,34.5,272,11,7.81,24.7,19,0,3/22,Royal Challengers Bangalore,BOWLER
KANE RICHARDSON,2021,6,21.4,176,6,8.12,29.3,21.7,0,2/24,Royal Challengers Bangalore,BOWLER
HARSHAL PATEL,2012,11,41,340,9,8.29,37.8,27.3,0,2/24,Royal Challengers Bangalore,BOWLER
HARSHAL PATEL,2014,3,11,113,4,10.27,28.2,16.5,0,2/1,Royal Challengers Bangalore,BOWLER
HARSHAL PATEL,2015,14,43.5,328,17,7.48,19.3,15.5,0,2/12,Royal Challengers Bangalore,BOWLER
HARSHAL PATEL,2016,5,14,147,1,10.5,147,84,0,1/1,Royal Challengers Bangalore,BOWLER
HARSHAL PATEL,2017,1,4,43,3,10.75,14.3,8,0,3/1,Royal Challengers Bangalore,BOWLER
HARSHAL PATEL,2018,5,17.3,167,7,9.54,23.9,15,0,3/28,Royal Challengers Bangalore,BOWLER
HARSHAL PATEL,2019,2,8,77,2,9.62,38.5,24,0,2/1,Royal Challengers Bangalore,BOWLER
HARSHAL PATEL,2020,5,15,134,3,8.93,44.7,30,0,2/1,Royal Challengers Bangalore,BOWLER
YUZVENDRA CHAHAL,2011,5,13,88,3,6.77,29.3,26,0,2/9,Royal Challengers Bangalore,BOWLER
YUZVENDRA CHAHAL,2013,1,4,34,0,8.5,NA,NA,0,0/34,Royal Challengers Bangalore,BOWLER
YUZVENDRA CHAHAL,2014,14,55,386,12,7.02,32.2,27.5,0,2/17,Royal Challengers Bangalore,BOWLER
YUZVENDRA CHAHAL,2015,14,46.5,415,23,8.86,18,12.2,0,3/1,Royal Challengers Bangalore,BOWLER
YUZVENDRA CHAHAL,2016,13,49.1,401,21,8.16,19.1,14,0,4/25,Royal Challengers Bangalore,BOWLER
YUZVENDRA CHAHAL,2017,13,43.3,333,14,7.66,23.8,18.6,0,3/16,Royal Challengers Bangalore,BOWLER
YUZVENDRA CHAHAL,2018,14,50,363,12,7.26,30.2,25,0,2/22,Royal Challengers Bangalore,BOWLER
YUZVENDRA CHAHAL,2019,14,49.2,386,18,7.82,21.4,16.4,0,4/1,Royal Challengers Bangalore,BOWLER
YUZVENDRA CHAHAL,2020,15,57,399,21,7,19,16.3,0,3/18,Royal Challengers Bangalore,BOWLER
YUZVENDRA CHAHAL,2021,3,12,86,2,7.17,43,36,0,1/15,Royal Challengers Bangalore,BOWLER
ADAM ZAMPA,2012,4,13,106,5,8.15,21.2,15.6,0,3/26,Royal Challengers Bangalore,BOWLER
ADAM ZAMPA,2013,4,12.2,106,2,8.59,53,37,0,2/28,Royal Challengers Bangalore,BOWLER
ADAM ZAMPA,2014,4,15,99,3,6.6,33,30,0,1/19,Royal Challengers Bangalore,BOWLER
ADAM ZAMPA,2015,8,30,215,8,7.17,26.9,22.5,0,2/26,Royal Challengers Bangalore,BOWLER
ADAM ZAMPA,2016,24,84.1,598,36,7.1,16.6,14,1,6/19,Royal Challengers Bangalore,BOWLER
ADAM ZAMPA,2017,12,42,304,13,7.24,23.4,19.4,0,3/19,Royal Challengers Bangalore,BOWLER
ADAM ZAMPA,2018,24,79.1,646,25,8.16,25.8,19,0,3/17,Royal Challengers Bangalore,BOWLER
ADAM ZAMPA,2019,25,91,682,29,7.49,23.5,18.8,0,3/30,Royal Challengers Bangalore,BOWLER
ADAM ZAMPA,2020,15,58,449,23,7.74,19.5,15.1,0,3/21,Royal Challengers Bangalore,BOWLER
ADAM ZAMPA,2021,8,29.1,202,12,6.93,16.8,14.6,1,5/17,Royal Challengers Bangalore,BOWLER
SHAHBAZ AHMED,2020,2,6,44,2,7.33,22,18,0,2/26,Royal Challengers Bangalore,BOWLER
SHAHBAZ AHMED,2021,4,10,98,3,9.8,32.7,20,0,1/7,Royal Challengers Bangalore,BOWLER
WASHINGTON SUNDAR,2017,10,30,185,8,6.17,23.1,22.5,0,3/16,Royal Challengers Bangalore,ALL ROUNDER
WASHINGTON SUNDAR,2018,7,20,192,4,9.6,48,30,0,2/22,Royal Challengers Bangalore,ALL ROUNDER
WASHINGTON SUNDAR,2019,3,9,74,4,8.22,18.5,13.5,0,3/24,Royal Challengers Bangalore,ALL ROUNDER
WASHINGTON SUNDAR,2020,15,50,298,8,5.96,37.2,37.5,0,2/16,Royal Challengers Bangalore,ALL ROUNDER
DANIEL SAMS,2017,10,30,185,8,6.17,23.1,22.5,0,3/16,Royal Challengers Bangalore,ALL ROUNDER
DANIEL SAMS,2018,7,20,192,4,9.6,48,30,0,2/22,Royal Challengers Bangalore,ALL ROUNDER
DANIEL SAMS,2019,3,9,74,4,8.22,18.5,13.5,0,3/24,Royal Challengers Bangalore,ALL ROUNDER
DANIEL SAMS,2020,15,50,298,8,5.96,37.2,37.5,0,2/16,Royal Challengers Bangalore,ALL ROUNDER
GLENN MAXWELL,2011,3,6,57,0,9.5,NA,NA,0,0/16,Royal Challengers Bangalore,ALL ROUNDER
GLENN MAXWELL,2012,7,11.3,74,2,6.43,37,34.5,0,1/10,Royal Challengers Bangalore,ALL ROUNDER
GLENN MAXWELL,2013,13,21,148,5,7.05,29.6,25.2,0,3/26,Royal Challengers Bangalore,ALL ROUNDER
GLENN MAXWELL,2014,17,27,264,2,9.78,132,81,0,1/17,Royal Challengers Bangalore,ALL ROUNDER
GLENN MAXWELL,2015,23,59,474,19,8.03,24.9,18.6,0,3/15,Royal Challengers Bangalore,ALL ROUNDER
GLENN MAXWELL,2016,9,14,117,2,8.36,58.5,42,0,1/12,Royal Challengers Bangalore,ALL ROUNDER
GLENN MAXWELL,2017,11,22,158,7,7.18,22.6,18.9,0,2/15,Royal Challengers Bangalore,ALL ROUNDER
GLENN MAXWELL,2018,16,28,227,7,8.11,32.4,24,0,2/22,Royal Challengers Bangalore,ALL ROUNDER
GLENN MAXWELL,2019,19,47,340,10,7.23,34,28.2,0,3/23,Royal Challengers Bangalore,ALL ROUNDER
GLENN MAXWELL,2020,25,62.5,485,12,7.72,40.4,31.4,0,2/17,Royal Challengers Bangalore,ALL ROUNDER
GLENN MAXWELL,2021,7,18,118,6,6.56,19.7,18,0,2/12,Royal Challengers Bangalore,ALL ROUNDER
KYLE JAMIESON,2018,4,15.5,143,9,9.03,15.9,10.6,0,3/1,Royal Challengers Bangalore,ALL ROUNDER
KYLE JAMIESON,2019,11,40.2,297,21,7.36,14.1,11.5,1,6/7,Royal Challengers Bangalore,ALL ROUNDER
KYLE JAMIESON,2020,4,16,151,8,9.44,18.9,12,0,3/1,Royal Challengers Bangalore,ALL ROUNDER
KYLE JAMIESON,2021,5,17.3,141,5,8.06,28.2,21,0,3/18,Royal Challengers Bangalore,ALL ROUNDER
DANIEL CHRISTIAN,2010,5,18.5,155,9,8.23,17.2,12.6,0,4/23,Royal Challengers Bangalore,ALL ROUNDER
DANIEL CHRISTIAN,2011,20,69.4,541,18,7.77,30.1,23.2,0,2/13,Royal Challengers Bangalore,ALL ROUNDER
DANIEL CHRISTIAN,2012,16,58,485,15,8.36,32.3,23.2,1,5/26,Royal Challengers Bangalore,ALL ROUNDER
DANIEL CHRISTIAN,2013,22,64.4,556,16,8.6,34.8,24.2,0,2/16,Royal Challengers Bangalore,ALL ROUNDER
DANIEL CHRISTIAN,2014,19,47.3,373,11,7.85,33.9,25.9,0,2/6,Royal Challengers Bangalore,ALL ROUNDER
DANIEL CHRISTIAN,2015,15,49,409,11,8.35,37.2,26.7,0,2/13,Royal Challengers Bangalore,ALL ROUNDER
DANIEL CHRISTIAN,2016,11,20,212,2,10.6,106,60,0,1/4,Royal Challengers Bangalore,ALL ROUNDER
DANIEL CHRISTIAN,2017,34,94.5,775,31,8.17,25,18.4,1,5/14,Royal Challengers Bangalore,ALL ROUNDER
DANIEL CHRISTIAN,2018,42,107,982,36,9.18,27.3,17.8,0,4/17,Royal Challengers Bangalore,ALL ROUNDER
DANIEL CHRISTIAN,2019,35,96.3,786,29,8.15,27.1,20,0,4/20,Royal Challengers Bangalore,ALL ROUNDER
DANIEL CHRISTIAN,2020,23,63.4,543,20,8.53,27.2,19.1,0,4/23,Royal Challengers Bangalore,ALL ROUNDER
DANIEL CHRISTIAN,2021,15,43.1,400,13,9.27,30.8,19.9,0,2/22,Royal Challengers Bangalore,ALL ROUNDER
JOFRA ARCHER,2016,4,15,139,5,9.27,27.8,18,0,2/1,Rajasthan Royals,BOWLER
JOFRA ARCHER,2017,23,85.5,642,27,7.48,23.8,19.1,0,4/18,Rajasthan Royals,BOWLER
JOFRA ARCHER,2018,40,152.2,1264,61,8.3,20.7,15,0,3/15,Rajasthan Royals,BOWLER
JOFRA ARCHER,2019,24,91.1,639,26,7.01,24.6,21,0,3/12,Rajasthan Royals,BOWLER
JOFRA ARCHER,2020,14,55.4,365,20,6.56,18.2,16.7,0,3/19,Rajasthan Royals,BOWLER
ANDREW TYE,2014,6,21,150,6,7.14,25,21,0,2/12,Rajasthan Royals,BOWLER
ANDREW TYE,2015,10,37.4,260,15,6.9,17.3,15.1,0,4/18,Rajasthan Royals,BOWLER
ANDREW TYE,2016,22,84.1,655,30,7.78,21.8,16.8,0,3/15,Rajasthan Royals,BOWLER
ANDREW TYE,2017,16,59,423,30,7.17,14.1,11.8,2,5/17,Rajasthan Royals,BOWLER
ANDREW TYE,2018,32,118.3,948,44,8,21.5,16.2,0,4/16,Rajasthan Royals,BOWLER
ANDREW TYE,2019,29,108.1,909,32,8.4,28.4,20.3,0,4/18,Rajasthan Royals,BOWLER
ANDREW TYE,2020,5,17.3,181,4,10.34,45.2,26.2,0,2/1,Rajasthan Royals,BOWLER
ANDREW TYE,2021,12,40.4,298,18,7.33,16.6,13.6,0,4/20,Rajasthan Royals,BOWLER
JAYDEV UNADKAT,2010,3,10.2,85,4,8.23,21.2,15.5,0,3/26,Rajasthan Royals,BOWLER
JAYDEV UNADKAT,2011,9,26,230,10,8.85,23,15.6,0,2/25,Rajasthan Royals,BOWLER
JAYDEV UNADKAT,2012,1,3,32,0,10.67,NA,NA,0,0/32,Rajasthan Royals,BOWLER
JAYDEV UNADKAT,2013,13,49,370,13,7.55,28.5,22.6,1,5/25,Rajasthan Royals,BOWLER
JAYDEV UNADKAT,2014,9,31.1,270,9,8.66,30,20.8,0,3/1,Rajasthan Royals,BOWLER
JAYDEV UNADKAT,2015,1,3,30,0,10,NA,NA,0,0/30,Rajasthan Royals,BOWLER
JAYDEV UNADKAT,2016,1,3,49,0,16.33,NA,NA,0,0/49,Rajasthan Royals,BOWLER
JAYDEV UNADKAT,2017,12,45.5,322,24,7.03,13.4,11.5,1,5/30,Rajasthan Royals,BOWLER
JAYDEV UNADKAT,2018,15,50.2,486,11,9.66,44.2,27.5,0,3/1,Rajasthan Royals,BOWLER
JAYDEV UNADKAT,2019,11,37.2,398,10,10.66,39.8,22.4,0,2/26,Rajasthan Royals,BOWLER
JAYDEV UNADKAT,2020,7,23,228,4,9.91,57,34.5,0,2/1,Rajasthan Royals,BOWLER
JAYDEV UNADKAT,2021,4,15.2,136,5,8.87,27.2,18.4,0,3/28,Rajasthan Royals,BOWLER
KARTIK TYAGI,2020,10,38.1,367,9,9.62,40.8,25.4,0,2/1,Rajasthan Royals,BOWLER
MUSTAFIZUR RAHMAN,2015,10,37.3,214,14,5.71,15.3,16.1,0,3/14,Rajasthan Royals,BOWLER
MUSTAFIZUR RAHMAN,2016,18,68.2,475,21,6.95,22.6,19.5,0,4/23,Rajasthan Royals,BOWLER
MUSTAFIZUR RAHMAN,2017,6,21.5,194,4,8.89,48.5,32.8,0,2/18,Rajasthan Royals,BOWLER
MUSTAFIZUR RAHMAN,2018,12,43.3,333,11,7.66,30.3,23.7,0,3/24,Rajasthan Royals,BOWLER
MUSTAFIZUR RAHMAN,2019,20,75.4,489,24,6.46,20.4,18.9,0,3/10,Rajasthan Royals,BOWLER
MUSTAFIZUR RAHMAN,2020,14,53.1,362,30,6.81,12.1,10.6,0,4/5,Rajasthan Royals,BOWLER
KULDEEP YADAV,2014,5,20,150,6,7.5,25,20,0,3/24,Rajasthan Royals,BOWLER
KULDEEP YADAV,2016,3,12,100,6,8.33,16.7,12,0,3/1,Rajasthan Royals,BOWLER
KULDEEP YADAV,2017,11,41,340,12,8.29,28.3,20.5,0,2/25,Rajasthan Royals,BOWLER
KULDEEP YADAV,2018,16,51.2,418,17,8.14,24.6,18.1,0,4/20,Rajasthan Royals,BOWLER
KULDEEP YADAV,2019,9,33,286,4,8.67,71.5,49.5,0,2/1,Rajasthan Royals,BOWLER
KULDEEP YADAV,2020,4,12,92,1,7.67,92,72,0,1/20,Rajasthan Royals,BOWLER
SHREYAS GOPAL,2014,5,16,142,6,8.88,23.7,16,0,2/25,Rajasthan Royals,BOWLER
SHREYAS GOPAL,2015,1,2.1,23,1,10.62,23,13,0,1/23,Rajasthan Royals,BOWLER
SHREYAS GOPAL,2016,1,3,18,0,6,NA,NA,0,0/18,Rajasthan Royals,BOWLER
SHREYAS GOPAL,2018,10,31,236,11,7.61,21.5,16.9,0,4/16,Rajasthan Royals,BOWLER
SHREYAS GOPAL,2019,14,48,347,20,7.23,17.4,14.4,0,3/12,Rajasthan Royals,BOWLER
SHREYAS GOPAL,2020,14,50,427,10,8.54,42.7,30,0,2/28,Rajasthan Royals,BOWLER
SHREYAS GOPAL,2021,1,2.4,17,0,6.38,NA,NA,0,0/17,Rajasthan Royals,BOWLER
MAYANK MARKANDE,2018,14,44,368,15,8.36,24.5,17.6,0,4/23,Rajasthan Royals,BOWLER
MAYANK MARKANDE,2019,3,6,59,1,9.83,59,36,0,1/23,Rajasthan Royals,BOWLER
MAYANK MARKANDE,2021,2,7,41,2,5.86,20.5,21,0,1/12,Rajasthan Royals,BOWLER
KC CARIAPPA,2015,1,2,28,1,14,28,12,0,1/28,Rajasthan Royals,BOWLER
KC CARIAPPA,2016,5,17,159,3,9.35,53,34,0,2/16,Rajasthan Royals,BOWLER
KC CARIAPPA,2017,4,15,127,4,8.47,31.8,22.5,0,2/24,Rajasthan Royals,BOWLER
KC CARIAPPA,2019,1,2,34,0,17,NA,NA,0,0/34,Rajasthan Royals,BOWLER
RAHUL TEWATIA,2014,3,9,59,2,6.56,29.5,27,0,1/17,Rajasthan Royals,ALL ROUNDER
RAHUL TEWATIA,2015,1,3,31,1,10.33,31,18,0,1/31,Rajasthan Royals,ALL ROUNDER
RAHUL TEWATIA,2017,3,9,49,3,5.44,16.3,18,0,2/18,Rajasthan Royals,ALL ROUNDER
RAHUL TEWATIA,2018,8,22,173,6,7.86,28.8,22,0,3/18,Rajasthan Royals,ALL ROUNDER
RAHUL TEWATIA,2019,3,6.2,42,2,6.63,21,19,0,1/10,Rajasthan Royals,ALL ROUNDER
RAHUL TEWATIA,2020,14,46,326,10,7.09,32.6,27.6,0,3/25,Rajasthan Royals,ALL ROUNDER
RAHUL TEWATIA,2021,3,6,50,1,8.33,50,36,0,1/20,Rajasthan Royals,ALL ROUNDER
MAHIPAL LOMROR,2018,2,3,27,0,9,NA,NA,0,0/8,Rajasthan Royals,ALL ROUNDER
MAHIPAL LOMROR,2021,1,1,6,0,6,NA,NA,0,0/6,Rajasthan Royals,ALL ROUNDER
SHIVAM DUBE,2019,2,1.4,8,0,4.8,NA,NA,0,0/3,Rajasthan Royals,ALL ROUNDER
SHIVAM DUBE,2020,5,9,73,4,8.11,18.2,13.5,0,2/15,Rajasthan Royals,ALL ROUNDER
SHIVAM DUBE,2021,4,12,90,3,7.5,30,24,0,2/8,Rajasthan Royals,ALL ROUNDER
CHRIS MORRIS,2012,6,21,160,6,7.62,26.7,21,0,2/7,Rajasthan Royals,ALL ROUNDER
CHRIS MORRIS,2013,17,54,426,17,7.89,25.1,19.1,0,3/1,Rajasthan Royals,ALL ROUNDER
CHRIS MORRIS,2015,11,42,311,13,7.4,23.9,19.4,0,4/23,Rajasthan Royals,ALL ROUNDER
CHRIS MORRIS,2016,18,66,488,18,7.39,27.1,22,0,2/21,Rajasthan Royals,ALL ROUNDER
CHRIS MORRIS,2017,9,31,240,12,7.74,20,15.5,0,4/26,Rajasthan Royals,ALL ROUNDER
CHRIS MORRIS,2018,11,37,324,12,8.76,27,18.5,0,2/25,Rajasthan Royals,ALL ROUNDER
CHRIS MORRIS,2019,33,123.5,1042,41,8.41,25.4,18.1,0,3/22,Rajasthan Royals,ALL ROUNDER
CHRIS MORRIS,2020,21,72.5,532,27,7.3,19.7,16.2,0,4/26,Rajasthan Royals,ALL ROUNDER
JASPRIT BUMRAH,2013,2,7,70,3,10,23.3,14,0,3/1,Mumbai Indians,BOWLER
JASPRIT BUMRAH,2014,14,50.2,385,8,7.65,48.1,37.8,0,2/22,Mumbai Indians,BOWLER
JASPRIT BUMRAH,2015,4,15,184,3,12.27,61.3,30,0,1/1,Mumbai Indians,BOWLER
JASPRIT BUMRAH,2016,14,52,406,15,7.81,27.1,20.8,0,3/13,Mumbai Indians,BOWLER
JASPRIT BUMRAH,2017,16,59.2,440,20,7.42,22,17.8,0,3/7,Mumbai Indians,BOWLER
JASPRIT BUMRAH,2018,14,54,372,17,6.89,21.9,19.1,0,3/15,Mumbai Indians,BOWLER
JASPRIT BUMRAH,2019,16,61.4,409,19,6.63,21.5,19.5,0,3/20,Mumbai Indians,BOWLER
JASPRIT BUMRAH,2020,15,60,404,27,6.73,15,13.3,0,4/14,Mumbai Indians,BOWLER
TRENT BOULT,2014,7,24,176,6,7.33,29.3,24,0,2/12,Mumbai Indians,BOWLER
TRENT BOULT,2015,7,28,236,9,8.43,26.2,18.7,0,3/19,Mumbai Indians,BOWLER
TRENT BOULT,2016,1,4,39,1,9.75,39,24,0,1/1,Mumbai Indians,BOWLER
TRENT BOULT,2017,6,23.5,216,5,9.06,43.2,28.6,0,2/1,Mumbai Indians,BOWLER
TRENT BOULT,2018,14,52.4,466,18,8.85,25.9,17.6,0,2/20,Mumbai Indians,BOWLER
TRENT BOULT,2019,5,19,163,5,8.58,32.6,22.8,0,2/27,Mumbai Indians,BOWLER
TRENT BOULT,2020,15,57.2,457,25,7.97,18.3,13.8,0,4/18,Mumbai Indians,BOWLER
TRENT BOULT,2021,4,14.5,107,3,7.21,35.7,29.7,0,2/1,Mumbai Indians,BOWLER
DHAWAL KULKARNI,2008,10,29.3,236,11,8,21.5,16.1,0,3/1,Mumbai Indians,BOWLER
DHAWAL KULKARNI,2009,8,26,206,5,7.92,41.2,31.2,0,1/21,Mumbai Indians,BOWLER
DHAWAL KULKARNI,2010,1,4,40,1,10,40,24,0,1/1,Mumbai Indians,BOWLER
DHAWAL KULKARNI,2011,6,20,149,5,7.45,29.8,24,0,3/26,Mumbai Indians,BOWLER
DHAWAL KULKARNI,2012,4,15,135,6,9,22.5,15,0,3/18,Mumbai Indians,BOWLER
DHAWAL KULKARNI,2013,6,18.4,151,8,8.09,18.9,14,0,3/19,Mumbai Indians,BOWLER
DHAWAL KULKARNI,2014,8,27,221,6,8.19,36.8,27,0,2/23,Mumbai Indians,BOWLER
DHAWAL KULKARNI,2015,11,35,277,13,7.91,21.3,16.2,0,2/9,Mumbai Indians,BOWLER
DHAWAL KULKARNI,2016,14,49,364,18,7.43,20.2,16.3,0,4/14,Mumbai Indians,BOWLER
DHAWAL KULKARNI,2017,6,18.5,173,3,9.19,57.7,37.7,0,1/24,Mumbai Indians,BOWLER
DHAWAL KULKARNI,2018,8,19.5,188,4,9.48,47,29.8,0,2/1,Mumbai Indians,BOWLER
DHAWAL KULKARNI,2019,10,35,335,6,9.57,55.8,35,0,1/14,Mumbai Indians,BOWLER
DHAWAL KULKARNI,2020,1,3,22,0,7.33,NA,NA,0,0/22,Mumbai Indians,BOWLER
DHAWAL KULKARNI,2021,3,11,84,0,7.64,NA,NA,0,0/17,Mumbai Indians,BOWLER
ADAM MILNE,2010,2,8,63,2,7.88,31.5,24,0,1/28,Mumbai Indians,BOWLER
ADAM MILNE,2016,1,4,43,1,10.75,43,24,0,1/1,Mumbai Indians,BOWLER
ADAM MILNE,2017,12,43.5,354,19,8.08,18.6,13.8,1,5/11,Mumbai Indians,BOWLER
ADAM MILNE,2018,11,41.3,297,13,7.16,22.8,19.2,0,4/15,Mumbai Indians,BOWLER
ADAM MILNE,2019,12,42.1,313,16,7.42,19.6,15.8,0,3/12,Mumbai Indians,BOWLER
ADAM MILNE,2020,3,11,72,2,6.55,36,33,0,2/21,Mumbai Indians,BOWLER
ADAM MILNE,2021,9,33,261,3,7.91,87,66,0,1/6,Mumbai Indians,BOWLER
NATHAN COULTER NILE,2011,1,4,28,0,7,NA,NA,0,0/28,Mumbai Indians,BOWLER
NATHAN COULTER NILE,2012,13,44,326,15,7.41,21.7,17.6,0,3/9,Mumbai Indians,BOWLER
NATHAN COULTER NILE,2013,13,48.5,361,18,7.39,20.1,16.3,0,3/13,Mumbai Indians,BOWLER
NATHAN COULTER NILE,2014,6,21,157,8,7.48,19.6,15.8,0,3/15,Mumbai Indians,BOWLER
NATHAN COULTER NILE,2015,14,53.3,402,19,7.51,21.2,16.9,0,4/20,Mumbai Indians,BOWLER
NATHAN COULTER NILE,2016,4,15,114,3,7.6,38,30,0,2/25,Mumbai Indians,BOWLER
NATHAN COULTER NILE,2017,8,28.2,228,15,8.05,15.2,11.3,0,3/20,Mumbai Indians,BOWLER
NATHAN COULTER NILE,2018,4,15,110,4,7.33,27.5,22.5,0,2/22,Mumbai Indians,BOWLER
NATHAN COULTER NILE,2019,11,42,314,12,7.48,26.2,21,0,3/25,Mumbai Indians,BOWLER
NATHAN COULTER NILE,2020,20,67.5,495,18,7.3,27.5,22.6,0,4/10,Mumbai Indians,BOWLER
NATHAN COULTER NILE,2021,3,12,125,5,10.42,25,14.4,0,3/1,Mumbai Indians,BOWLER
MARCO JANSEN,2019,3,10,105,1,10.5,105,60,0,1/1,Mumbai Indians,BOWLER
RAHUL CHAHAR,2017,2,7,58,2,8.29,29,21,0,1/26,Mumbai Indians,BOWLER
RAHUL CHAHAR,2019,13,47,308,13,6.55,23.7,21.7,0,3/19,Mumbai Indians,BOWLER
RAHUL CHAHAR,2020,15,53,433,15,8.17,28.9,21.2,0,2/18,Mumbai Indians,BOWLER
RAHUL CHAHAR,2021,3,12,76,6,6.33,12.7,12,1,5/14,Mumbai Indians,BOWLER
JAYANT YADAV,2015,3,7,29,2,4.14,14.5,21,0,1/8,Mumbai Indians,BOWLER
JAYANT YADAV,2016,5,17,125,2,7.35,62.5,51,0,1/23,Mumbai Indians,BOWLER
JAYANT YADAV,2017,2,6,42,0,7,NA,NA,0,0/16,Mumbai Indians,BOWLER
JAYANT YADAV,2019,2,7,50,1,7.14,50,42,0,1/25,Mumbai Indians,BOWLER
JAYANT YADAV,2020,2,7,43,1,6.14,43,42,0,1/25,Mumbai Indians,BOWLER
JAYANT YADAV,2021,3,11,82,1,7.45,82,66,0,1/1,Mumbai Indians,BOWLER
PIYUSH CHAWLA,2008,15,46.5,389,17,8.31,22.9,16.5,0,3/25,Mumbai Indians,BOWLER
PIYUSH CHAWLA,2009,16,50.5,346,15,6.81,23.1,20.3,0,2/17,Mumbai Indians,BOWLER
PIYUSH CHAWLA,2010,14,49,367,12,7.49,30.6,24.5,0,3/24,Mumbai Indians,BOWLER
PIYUSH CHAWLA,2011,12,41.2,336,16,8.13,21,15.5,0,4/17,Mumbai Indians,BOWLER
PIYUSH CHAWLA,2012,16,57,419,16,7.35,26.2,21.4,0,3/18,Mumbai Indians,BOWLER
PIYUSH CHAWLA,2013,16,58.2,418,11,7.17,38,31.8,0,2/20,Mumbai Indians,BOWLER
PIYUSH CHAWLA,2014,17,61.3,491,19,7.98,25.8,19.4,0,3/19,Mumbai Indians,BOWLER
PIYUSH CHAWLA,2015,13,35,269,11,7.69,24.5,19.1,0,4/1,Mumbai Indians,BOWLER
PIYUSH CHAWLA,2016,11,35.2,273,11,7.73,24.8,19.3,0,2/21,Mumbai Indians,BOWLER
PIYUSH CHAWLA,2017,6,20,179,6,8.95,29.8,20,0,2/1,Mumbai Indians,BOWLER
PIYUSH CHAWLA,2018,15,49,412,14,8.41,29.4,21,0,3/1,Mumbai Indians,BOWLER
PIYUSH CHAWLA,2019,13,44.3,399,10,8.97,39.9,26.7,0,3/20,Mumbai Indians,BOWLER
PIYUSH CHAWLA,2020,7,21,191,6,9.1,31.8,21,0,2/1,Mumbai Indians,BOWLER
KRUNAL PANDYA,2016,11,31.1,236,6,7.57,39.3,31.2,0,2/15,Mumbai Indians,ALL ROUNDER
KRUNAL PANDYA,2017,13,40,273,10,6.82,27.3,24,0,3/14,Mumbai Indians,ALL ROUNDER
KRUNAL PANDYA,2018,13,40.1,284,12,7.07,23.7,20.1,0,3/28,Mumbai Indians,ALL ROUNDER
KRUNAL PANDYA,2019,16,46,335,12,7.28,27.9,23,0,3/1,Mumbai Indians,ALL ROUNDER
KRUNAL PANDYA,2020,16,50.1,380,6,7.57,63.3,50.2,0,2/26,Mumbai Indians,ALL ROUNDER
KIERON POLLARD,2009,5,12,97,4,8.08,24.2,18,0,2/25,Mumbai Indians,ALL ROUNDER
KIERON POLLARD,2010,15,42,333,15,7.93,22.2,16.8,0,3/17,Mumbai Indians,ALL ROUNDER
KIERON POLLARD,2011,21,55.3,434,13,7.82,33.4,25.6,0,2/24,Mumbai Indians,ALL ROUNDER
KIERON POLLARD,2012,26,76.2,608,23,7.97,26.4,19.9,0,4/1,Mumbai Indians,ALL ROUNDER
KIERON POLLARD,2013,28,64.3,526,21,8.16,25,18.4,0,3/15,Mumbai Indians,ALL ROUNDER
KIERON POLLARD,2014,22,45,445,8,9.89,55.6,33.8,0,2/1,Mumbai Indians,ALL ROUNDER
KIERON POLLARD,2015,20,47.4,356,17,7.47,20.9,16.8,0,4/30,Mumbai Indians,ALL ROUNDER
KIERON POLLARD,2016,11,23.3,227,7,9.66,32.4,20.1,0,2/20,Mumbai Indians,ALL ROUNDER
KIERON POLLARD,2017,18,39.5,375,13,9.41,28.8,18.4,0,4/16,Mumbai Indians,ALL ROUNDER
KIERON POLLARD,2018,21,55.3,472,18,8.5,26.2,18.5,0,3/1,Mumbai Indians,ALL ROUNDER
KIERON POLLARD,2019,26,59.1,505,13,8.54,38.8,27.3,0,2/1,Mumbai Indians,ALL ROUNDER
KIERON POLLARD,2020,17,41,341,12,8.32,28.4,20.5,0,4/30,Mumbai Indians,ALL ROUNDER
HARDIK PANDYA,2015,8,17,176,1,10.35,176,102,0,1/13,Mumbai Indians,ALL ROUNDER
HARDIK PANDYA,2016,10,16.4,153,3,9.18,51,33.3,0,1/7,Mumbai Indians,ALL ROUNDER
HARDIK PANDYA,2017,13,26,213,6,8.19,35.5,26,0,2/22,Mumbai Indians,ALL ROUNDER
HARDIK PANDYA,2018,13,42.4,381,18,8.93,21.2,14.2,0,3/24,Mumbai Indians,ALL ROUNDER
HARDIK PANDYA,2019,16,42.3,390,14,9.18,27.9,18.2,0,3/20,Mumbai Indians,ALL ROUNDER
JAMES NEESHAM,2013,6,22,161,6,7.32,26.8,22,0,3/22,Mumbai Indians,ALL ROUNDER
JAMES NEESHAM,2014,13,32,299,9,9.34,33.2,21.3,0,3/1,Mumbai Indians,ALL ROUNDER
JAMES NEESHAM,2016,12,40.3,381,15,9.41,25.4,16.2,0,4/1,Mumbai Indians,ALL ROUNDER
JAMES NEESHAM,2017,17,60,587,19,9.78,30.9,18.9,0,3/1,Mumbai Indians,ALL ROUNDER
JAMES NEESHAM,2018,2,8,73,5,9.12,14.6,9.6,0,4/24,Mumbai Indians,ALL ROUNDER
JAMES NEESHAM,2019,21,58.3,590,23,10.09,25.7,15.3,0,3/18,Mumbai Indians,ALL ROUNDER
JAMES NEESHAM,2020,9,28,248,6,8.86,41.3,28,0,1/17,Mumbai Indians,ALL ROUNDER
JAMES NEESHAM,2021,6,22.4,185,11,8.16,16.8,12.4,0,3/11,Mumbai Indians,ALL ROUNDER
BHUVNESHWAR KUMAR,2009,1,4,31,0,7.75,NA,NA,0,0/31,Sunrisers Hyderabad,BOWLER
BHUVNESHWAR KUMAR,2011,4,11,67,3,6.09,22.3,22,0,2/14,Sunrisers Hyderabad,BOWLER
BHUVNESHWAR KUMAR,2012,11,39,281,8,7.21,35.1,29.2,0,2/9,Sunrisers Hyderabad,BOWLER
BHUVNESHWAR KUMAR,2013,16,57,371,13,6.51,28.5,26.3,0,3/18,Sunrisers Hyderabad,BOWLER
BHUVNESHWAR KUMAR,2014,14,53.1,354,20,6.66,17.7,16,0,4/14,Sunrisers Hyderabad,BOWLER
BHUVNESHWAR KUMAR,2015,14,51.4,407,18,7.88,22.6,17.2,0,3/26,Sunrisers Hyderabad,BOWLER
BHUVNESHWAR KUMAR,2016,17,66,490,23,7.42,21.3,17.2,0,4/29,Sunrisers Hyderabad,BOWLER
BHUVNESHWAR KUMAR,2017,14,52.2,369,26,7.05,14.2,12.1,1,5/19,Sunrisers Hyderabad,BOWLER
BHUVNESHWAR KUMAR,2018,12,46.1,354,9,7.67,39.3,30.8,0,3/26,Sunrisers Hyderabad,BOWLER
BHUVNESHWAR KUMAR,2019,15,59,461,13,7.81,35.5,27.2,0,2/24,Sunrisers Hyderabad,BOWLER
BHUVNESHWAR KUMAR,2020,4,14.1,99,3,6.99,33,28.3,0,2/25,Sunrisers Hyderabad,BOWLER
SANDEEP SHARMA,2013,4,16,119,8,7.44,14.9,12,0,3/21,Sunrisers Hyderabad,BOWLER
SANDEEP SHARMA,2014,11,40.1,354,18,8.81,19.7,13.4,0,3/15,Sunrisers Hyderabad,BOWLER
SANDEEP SHARMA,2015,14,50,350,13,7,26.9,23.1,0,4/25,Sunrisers Hyderabad,BOWLER
SANDEEP SHARMA,2016,14,50,366,15,7.32,24.4,20,0,2/11,Sunrisers Hyderabad,BOWLER
SANDEEP SHARMA,2017,13,48,398,17,8.29,23.4,16.9,0,4/20,Sunrisers Hyderabad,BOWLER
SANDEEP SHARMA,2018,12,44,333,12,7.57,27.8,22,0,2/17,Sunrisers Hyderabad,BOWLER
SANDEEP SHARMA,2019,11,42.4,352,12,8.25,29.3,21.3,0,3/19,Sunrisers Hyderabad,BOWLER
SANDEEP SHARMA,2020,13,52,374,14,7.19,26.7,22.3,0,3/1,Sunrisers Hyderabad,BOWLER
SANDEEP SHARMA,2021,2,6.2,52,3,8.21,17.3,12.7,0,2/17,Sunrisers Hyderabad,BOWLER
KHALEEL AHMED,2018,1,3,38,0,12.67,NA,NA,0,0/38,Sunrisers Hyderabad,BOWLER
KHALEEL AHMED,2019,9,34.5,287,20,8.24,14.4,10.4,0,3/24,Sunrisers Hyderabad,BOWLER
KHALEEL AHMED,2020,7,25.4,242,8,9.43,30.2,19.2,0,2/24,Sunrisers Hyderabad,BOWLER
KHALEEL AHMED,2021,5,20,164,1,8.2,164,120,0,1/1,Sunrisers Hyderabad,BOWLER
SIDDARTH KAUL,2013,6,21.5,170,4,7.79,42.5,32.8,0,2/27,Sunrisers Hyderabad,BOWLER
SIDDARTH KAUL,2014,5,13,126,2,9.69,63,39,0,1/5,Sunrisers Hyderabad,BOWLER
SIDDARTH KAUL,2017,10,35.4,300,16,8.41,18.8,13.4,0,4/29,Sunrisers Hyderabad,BOWLER
SIDDARTH KAUL,2018,17,66,547,21,8.29,26,18.9,0,3/23,Sunrisers Hyderabad,BOWLER
SIDDARTH KAUL,2019,7,27,242,6,8.96,40.3,27,0,2/1,Sunrisers Hyderabad,BOWLER
SIDDARTH KAUL,2020,1,4,64,2,16,32,12,0,2/1,Sunrisers Hyderabad,BOWLER
SIDDARTH KAUL,2021,2,8,46,4,5.75,11.5,12,0,3/15,Sunrisers Hyderabad,BOWLER
BASIL THAMPI,2017,12,44.4,424,11,9.49,38.5,24.4,0,3/29,Sunrisers Hyderabad,BOWLER
BASIL THAMPI,2018,4,10.1,114,5,11.21,22.8,12.2,0,2/4,Sunrisers Hyderabad,BOWLER
BASIL THAMPI,2019,3,12,110,0,9.17,NA,NA,0,0/29,Sunrisers Hyderabad,BOWLER
BASIL THAMPI,2020,1,4,46,1,11.5,46,24,0,1/1,Sunrisers Hyderabad,BOWLER
BASIL THAMPI,2021,3,11.1,102,0,9.13,NA,NA,0,0/31,Sunrisers Hyderabad,BOWLER
THANGARASU NATARAJAN,2017,6,12.4,115,2,9.08,57.5,38,0,1/26,Sunrisers Hyderabad,BOWLER
THANGARASU NATARAJAN,2020,16,62.5,504,16,8.02,31.5,23.6,0,2/24,Sunrisers Hyderabad,BOWLER
RASHID KHAN,2016,8,32,194,13,6.06,14.9,14.8,0,3/13,Sunrisers Hyderabad,BOWLER
RASHID KHAN,2017,36,140.4,818,43,5.82,19,19.6,0,3/15,Sunrisers Hyderabad,BOWLER
RASHID KHAN,2018,43,168,1060,64,6.31,16.6,15.8,0,3/9,Sunrisers Hyderabad,BOWLER
RASHID KHAN,2019,38,147.5,1008,43,6.82,23.4,20.6,0,3/21,Sunrisers Hyderabad,BOWLER
RASHID KHAN,2020,42,162.2,1037,51,6.39,20.3,19.1,0,4/22,Sunrisers Hyderabad,BOWLER
RASHID KHAN,2021,6,24,136,9,5.67,15.1,16,0,3/18,Sunrisers Hyderabad,BOWLER
MITCHELL MARSH,2010,3,10,88,2,8.8,44,30,0,1/19,Sunrisers Hyderabad,ALL ROUNDER
MITCHELL MARSH,2011,8,21.1,157,7,7.42,22.4,18.1,0,4/25,Sunrisers Hyderabad,ALL ROUNDER
MITCHELL MARSH,2012,7,13,115,3,8.85,38.3,26,0,2/17,Sunrisers Hyderabad,ALL ROUNDER
MITCHELL MARSH,2013,9,24.2,214,9,8.79,23.8,16.2,0,2/7,Sunrisers Hyderabad,ALL ROUNDER
MITCHELL MARSH,2014,6,17,157,4,9.24,39.2,25.5,0,2/12,Sunrisers Hyderabad,ALL ROUNDER
MITCHELL MARSH,2015,1,2,16,0,8,NA,NA,0,0/16,Sunrisers Hyderabad,ALL ROUNDER
MITCHELL MARSH,2016,6,16,98,6,6.12,16.3,16,0,2/14,Sunrisers Hyderabad,ALL ROUNDER
MITCHELL MARSH,2017,2,5,57,1,11.4,57,30,0,1/25,Sunrisers Hyderabad,ALL ROUNDER
MITCHELL MARSH,2018,1,4,53,0,13.25,NA,NA,0,0/53,Sunrisers Hyderabad,ALL ROUNDER
MITCHELL MARSH,2019,6,10,118,1,11.8,118,60,0,1/26,Sunrisers Hyderabad,ALL ROUNDER
MITCHELL MARSH,2020,11,23.4,175,7,7.39,25,20.3,0,2/10,Sunrisers Hyderabad,ALL ROUNDER
MITCHELL MARSH,2021,3,5.3,46,2,8.36,23,16.5,0,1/12,Sunrisers Hyderabad,ALL ROUNDER
JASON HOLDER,2013,18,56.1,436,11,7.76,39.6,30.6,0,2/19,Sunrisers Hyderabad,ALL ROUNDER
JASON HOLDER,2014,15,48.4,352,10,7.23,35.2,29.2,0,4/27,Sunrisers Hyderabad,ALL ROUNDER
JASON HOLDER,2015,10,35,277,6,7.91,46.2,35,0,3/11,Sunrisers Hyderabad,ALL ROUNDER
JASON HOLDER,2016,4,13,103,2,7.92,51.5,39,0,2/1,Sunrisers Hyderabad,ALL ROUNDER
JASON HOLDER,2018,10,31.3,286,5,9.08,57.2,37.8,0,2/25,Sunrisers Hyderabad,ALL ROUNDER
JASON HOLDER,2019,13,48,354,14,7.38,25.3,20.6,0,2/15,Sunrisers Hyderabad,ALL ROUNDER
JASON HOLDER,2020,20,71,535,26,7.54,20.6,16.4,0,3/25,Sunrisers Hyderabad,ALL ROUNDER
VIJAY SHANKAR,2014,1,1,19,0,19,NA,NA,0,0/19,Sunrisers Hyderabad,ALL ROUNDER
VIJAY SHANKAR,2018,4,5,58,1,11.6,58,30,0,1/22,Sunrisers Hyderabad,ALL ROUNDER
VIJAY SHANKAR,2019,5,8,70,1,8.75,70,48,0,1/11,Sunrisers Hyderabad,ALL ROUNDER
VIJAY SHANKAR,2020,5,13.1,82,4,6.23,20.5,19.8,0,1/11,Sunrisers Hyderabad,ALL ROUNDER
VIJAY SHANKAR,2021,1,2.1,9,0,4.15,NA,NA,0,0/9,Sunrisers Hyderabad,ALL ROUNDER
ABHISHEK SHARMA,2019,2,2,21,1,10.5,21,12,0,1/10,Sunrisers Hyderabad,ALL ROUNDER
ABHISHEK SHARMA,2020,6,10,91,2,9.1,45.5,30,0,1/15,Sunrisers Hyderabad,ALL ROUNDER
PAT CUMMINS,2011,5,19,136,7,7.16,19.4,16.3,0,4/1, Kolkata Knight Ride,BOWLER
PAT CUMMINS,2012,6,24,187,6,7.79,31.2,24,0,2/13, Kolkata Knight Ride,BOWLER
PAT CUMMINS,2014,11,38.4,354,10,9.16,35.4,23.2,0,2/6, Kolkata Knight Ride,BOWLER
PAT CUMMINS,2015,5,18,162,2,9,81,54,0,1/26, Kolkata Knight Ride,BOWLER
PAT CUMMINS,2016,3,11,110,3,10,36.7,22,0,2/1, Kolkata Knight Ride,BOWLER
PAT CUMMINS,2017,15,58.1,475,19,8.17,25,18.4,0,2/20, Kolkata Knight Ride,BOWLER
PAT CUMMINS,2019,1,4,28,2,7,14,12,0,2/28, Kolkata Knight Ride,BOWLER
PAT CUMMINS,2020,14,52,409,12,7.87,34.1,26,0,4/1, Kolkata Knight Ride,BOWLER
LOCKIE FERGUSON,2017,6,21,164,5,7.81,32.8,25.2,0,2/7, Kolkata Knight Ride,BOWLER
LOCKIE FERGUSON,2018,12,44,285,16,6.48,17.8,16.5,0,4/26, Kolkata Knight Ride,BOWLER
LOCKIE FERGUSON,2019,5,17,183,2,10.76,91.5,51,0,1/1, Kolkata Knight Ride,BOWLER
LOCKIE FERGUSON,2020,5,19.5,148,6,7.46,24.7,19.8,0,3/15, Kolkata Knight Ride,BOWLER
SHIVAM PANKAJ MAVI,2018,9,28,270,5,9.64,54,33.6,0,1/14, Kolkata Knight Ride,BOWLER
SHIVAM PANKAJ MAVI,2020,8,26,212,9,8.15,23.6,17.3,0,2/15, Kolkata Knight Ride,BOWLER
SANDEEP WARRIER,2019,3,12,85,2,7.08,42.5,36,0,2/1, Kolkata Knight Ride,BOWLER
SANDEEP WARRIER,2020,1,3,34,0,11.33,NA,NA,0,0/34, Kolkata Knight Ride,BOWLER
SANDEEP WARRIER,2021,5,18,139,5,7.72,27.8,21.6,0,2/22, Kolkata Knight Ride,BOWLER
KULDEEP YADAV,2014,5,20,150,6,7.5,25,20,0,3/24, Kolkata Knight Ride,BOWLER
KULDEEP YADAV,2016,3,12,100,6,8.33,16.7,12,0,3/1, Kolkata Knight Ride,BOWLER
KULDEEP YADAV,2017,11,41,340,12,8.29,28.3,20.5,0,2/25, Kolkata Knight Ride,BOWLER
KULDEEP YADAV,2018,16,51.2,418,17,8.14,24.6,18.1,0,4/20, Kolkata Knight Ride,BOWLER
KULDEEP YADAV,2019,9,33,286,4,8.67,71.5,49.5,0,2/1, Kolkata Knight Ride,BOWLER
KULDEEP YADAV,2020,4,12,92,1,7.67,92,72,0,1/20, Kolkata Knight Ride,BOWLER
HARBHAJAN SINGH,2008,3,10,82,5,8.2,16.4,12,0,3/1, Kolkata Knight Ride,BOWLER
HARBHAJAN SINGH,2009,13,44,256,12,5.82,21.3,22,0,4/17, Kolkata Knight Ride,BOWLER
HARBHAJAN SINGH,2010,18,68,495,20,7.28,24.8,20.4,0,3/31, Kolkata Knight Ride,BOWLER
HARBHAJAN SINGH,2011,20,71,483,21,6.8,23,20.3,1,5/18, Kolkata Knight Ride,BOWLER
HARBHAJAN SINGH,2012,19,64,459,8,7.17,57.4,48,0,2/13, Kolkata Knight Ride,BOWLER
HARBHAJAN SINGH,2013,24,89,595,30,6.69,19.8,17.8,0,4/1, Kolkata Knight Ride,BOWLER
HARBHAJAN SINGH,2014,17,67,429,16,6.4,26.8,25.1,0,2/13, Kolkata Knight Ride,BOWLER
HARBHAJAN SINGH,2015,15,57,446,18,7.82,24.8,19,0,3/27, Kolkata Knight Ride,BOWLER
HARBHAJAN SINGH,2016,14,49,392,9,8,43.6,32.7,0,2/1, Kolkata Knight Ride,BOWLER
HARBHAJAN SINGH,2017,11,41,266,8,6.49,33.2,30.8,0,3/22, Kolkata Knight Ride,BOWLER
HARBHAJAN SINGH,2018,12,31.5,270,7,8.48,38.6,27.3,0,2/22, Kolkata Knight Ride,BOWLER
HARBHAJAN SINGH,2019,11,44,312,16,7.09,19.5,16.5,0,3/20, Kolkata Knight Ride,BOWLER
ANDRE RUSSELL,2012,11,38.5,367,10,9.45,36.7,23.3,0,4/1, Kolkata Knight Ride,ALL ROUNDER
ANDRE RUSSELL,2013,20,53.5,473,13,8.79,36.4,24.8,0,2/26, Kolkata Knight Ride,ALL ROUNDER
ANDRE RUSSELL,2014,20,58,472,17,8.14,27.8,20.5,0,2/16, Kolkata Knight Ride,ALL ROUNDER
ANDRE RUSSELL,2015,30,97.3,747,35,7.66,21.3,16.7,0,3/13, Kolkata Knight Ride,ALL ROUNDER
ANDRE RUSSELL,2016,48,164.2,1291,66,7.86,19.6,14.9,0,4/20, Kolkata Knight Ride,ALL ROUNDER
ANDRE RUSSELL,2017,2,5,48,0,9.6,NA,NA,0,0/10, Kolkata Knight Ride,ALL ROUNDER
ANDRE RUSSELL,2018,36,107.4,963,41,8.94,23.5,15.8,0,3/17, Kolkata Knight Ride,ALL ROUNDER
ANDRE RUSSELL,2019,44,133,1156,47,8.69,24.6,17,0,4/29, Kolkata Knight Ride,ALL ROUNDER
ANDRE RUSSELL,2020,21,59,536,20,9.08,26.8,17.7,0,3/18, Kolkata Knight Ride,ALL ROUNDER
NITISH RANA,2016,1,1,3,0,3,NA,NA,0,0/3, Kolkata Knight Ride,ALL ROUNDER
NITISH RANA,2018,5,6.1,44,4,7.14,11,9.2,0,2/11, Kolkata Knight Ride,ALL ROUNDER
NITISH RANA,2019,6,8,72,3,9,24,16,0,1/8, Kolkata Knight Ride,ALL ROUNDER
NITISH RANA,2020,2,2,23,0,11.5,NA,NA,0,0/7, Kolkata Knight Ride,ALL ROUNDER
NITISH RANA,2021,2,3.1,23,1,7.26,23,19,0,1/12, Kolkata Knight Ride,ALL ROUNDER
SUNIL NARINE,2011,6,24,105,10,4.38,10.5,14.4,0,3/8, Kolkata Knight Ride,ALL ROUNDER
SUNIL NARINE,2012,24,91.5,522,31,5.68,16.8,17.8,1,5/19, Kolkata Knight Ride,ALL ROUNDER
SUNIL NARINE,2013,30,119.5,638,41,5.32,15.6,17.5,0,4/9, Kolkata Knight Ride,ALL ROUNDER
SUNIL NARINE,2014,29,116,657,42,5.66,15.6,16.6,0,4/20, Kolkata Knight Ride,ALL ROUNDER
SUNIL NARINE,2015,22,86.2,517,25,5.99,20.7,20.7,0,4/19, Kolkata Knight Ride,ALL ROUNDER
SUNIL NARINE,2016,25,97.4,617,29,6.32,21.3,20.2,0,3/26, Kolkata Knight Ride,ALL ROUNDER
SUNIL NARINE,2017,54,211.1,1316,52,6.23,25.3,24.4,0,3/10, Kolkata Knight Ride,ALL ROUNDER
SUNIL NARINE,2018,43,165.3,1128,37,6.82,30.5,26.8,0,3/18, Kolkata Knight Ride,ALL ROUNDER
SUNIL NARINE,2019,37,135.5,951,35,7,27.2,23.3,0,4/15, Kolkata Knight Ride,ALL ROUNDER
SUNIL NARINE,2020,15,58,393,11,6.78,35.7,31.6,0,2/19, Kolkata Knight Ride,ALL ROUNDER
SHAKIB AL HASAN,2011,12,41.3,282,12,6.8,23.5,20.8,0,3/28, Kolkata Knight Ride,ALL ROUNDER
SHAKIB AL HASAN,2012,20,76,528,27,6.95,19.6,16.9,0,3/17, Kolkata Knight Ride,ALL ROUNDER
SHAKIB AL HASAN,2013,30,108.5,675,34,6.2,19.9,19.2,1,6/6, Kolkata Knight Ride,ALL ROUNDER
SHAKIB AL HASAN,2014,15,55,365,13,6.64,28.1,25.4,0,2/21, Kolkata Knight Ride,ALL ROUNDER
SHAKIB AL HASAN,2015,19,71,482,29,6.79,16.6,14.7,0,4/13, Kolkata Knight Ride,ALL ROUNDER
SHAKIB AL HASAN,2016,41,136,988,33,7.26,29.9,24.7,0,3/23, Kolkata Knight Ride,ALL ROUNDER
SHAKIB AL HASAN,2017,21,68.5,465,29,6.76,16,14.2,1,5/16, Kolkata Knight Ride,ALL ROUNDER
SHAKIB AL HASAN,2018,17,57,456,14,8,32.6,24.4,0,2/18, Kolkata Knight Ride,ALL ROUNDER
SHAKIB AL HASAN,2019,24,86,645,28,7.5,23,18.4,0,4/16, Kolkata Knight Ride,ALL ROUNDER
SHAKIB AL HASAN,2020,9,34,204,6,6,34,34,0,2/1, Kolkata Knight Ride,ALL ROUNDER
BEN CUTTING,2012,5,15,90,6,6,15,15,0,2/12, Kolkata Knight Ride,ALL ROUNDER
BEN CUTTING,2013,10,34.4,297,14,8.57,21.2,14.9,0,3/24, Kolkata Knight Ride,ALL ROUNDER
BEN CUTTING,2014,7,20,169,4,8.45,42.2,30,0,2/1, Kolkata Knight Ride,ALL ROUNDER
BEN CUTTING,2015,10,27,214,3,7.93,71.3,54,0,1/19, Kolkata Knight Ride,ALL ROUNDER
BEN CUTTING,2016,11,36.5,327,12,8.88,27.2,18.4,0,2/20, Kolkata Knight Ride,ALL ROUNDER
BEN CUTTING,2017,12,35.3,371,7,10.45,53,30.4,0,2/1, Kolkata Knight Ride,ALL ROUNDER
BEN CUTTING,2018,25,76.1,692,20,9.09,34.6,22.8,0,2/18, Kolkata Knight Ride,ALL ROUNDER
BEN CUTTING,2019,19,56.2,515,19,9.14,27.1,17.8,0,2/10, Kolkata Knight Ride,ALL ROUNDER
BEN CUTTING,2020,19,46.2,416,18,8.98,23.1,15.4,0,3/31, Kolkata Knight Ride,ALL ROUNDER
BEN CUTTING,2021,13,28.5,261,4,9.05,65.2,43.2,0,1/17, Kolkata Knight Ride,ALL ROUNDER
PAWAN NEGI,2012,9,31,203,8,6.55,25.4,23.2,0,4/18, Kolkata Knight Ride,ALL ROUNDER
PAWAN NEGI,2013,1,4,28,0,7,NA,NA,0,0/28, Kolkata Knight Ride,ALL ROUNDER
PAWAN NEGI,2014,4,15,125,7,8.33,17.9,12.9,1,5/22, Kolkata Knight Ride,ALL ROUNDER
PAWAN NEGI,2015,10,30,252,6,8.4,42,30,0,2/25, Kolkata Knight Ride,ALL ROUNDER
PAWAN NEGI,2016,5,9,84,1,9.33,84,54,0,1/19, Kolkata Knight Ride,ALL ROUNDER
PAWAN NEGI,2017,12,32.1,197,16,6.12,12.3,12.1,0,3/10, Kolkata Knight Ride,ALL ROUNDER
PAWAN NEGI,2018,2,4,49,1,12.25,49,24,0,1/1, Kolkata Knight Ride,ALL ROUNDER
PAWAN NEGI,2019,4,11.1,102,3,9.13,34,22.3,0,2/21, Kolkata Knight Ride,ALL ROUNDER
PAWAN NEGI,2021,3,9,98,0,10.89,NA,NA,0,0/26, Kolkata Knight Ride,ALL ROUNDER
DEEPAK CHAHAR,2016,2,5,41,0,8.2,NA,NA,0,0/13,Chennai Super Kings,BOWLER
DEEPAK CHAHAR,2017,3,7,74,1,10.57,74,42,0,1/1,Chennai Super Kings,BOWLER
DEEPAK CHAHAR,2018,12,38.1,278,10,7.28,27.8,22.9,0,3/15,Chennai Super Kings,BOWLER
DEEPAK CHAHAR,2019,17,64.3,482,22,7.47,21.9,17.6,0,3/20,Chennai Super Kings,BOWLER
DEEPAK CHAHAR,2020,14,52,396,12,7.62,33,26,0,2/18,Chennai Super Kings,BOWLER
DEEPAK CHAHAR,2021,2,8,76,0,9.5,NA,NA,0,0/36,Chennai Super Kings,BOWLER
SHARDUL THAKUR,2015,1,3,38,1,12.67,38,18,0,1/1,Chennai Super Kings,BOWLER
SHARDUL THAKUR,2017,12,38.1,315,11,8.25,28.6,20.8,0,3/19,Chennai Super Kings,BOWLER
SHARDUL THAKUR,2018,13,46.4,431,16,9.24,26.9,17.5,0,2/18,Chennai Super Kings,BOWLER
SHARDUL THAKUR,2019,9,30,281,8,9.37,35.1,22.5,0,2/18,Chennai Super Kings,BOWLER
SHARDUL THAKUR,2020,9,32.2,275,10,8.51,27.5,19.4,0,2/28,Chennai Super Kings,BOWLER
LUNGI NGIDI,2018,7,26,156,11,6,14.2,14.2,0,4/10,Chennai Super Kings,BOWLER
LUNGI NGIDI,2019,6,20,164,9,8.2,18.2,13.3,0,2/2,Chennai Super Kings,BOWLER
LUNGI NGIDI,2020,4,16,167,9,10.44,18.6,10.7,0,3/1,Chennai Super Kings,BOWLER
JOSH HAZLEWOOD,2011,2,8,53,2,6.62,26.5,24,0,2/24,Chennai Super Kings,BOWLER
JOSH HAZLEWOOD,2012,7,26,132,8,5.08,16.5,19.5,0,3/22,Chennai Super Kings,BOWLER
JOSH HAZLEWOOD,2013,4,16,139,8,8.69,17.4,12,0,3/20,Chennai Super Kings,BOWLER
JOSH HAZLEWOOD,2014,7,27,213,10,7.89,21.3,16.2,0,3/16,Chennai Super Kings,BOWLER
JOSH HAZLEWOOD,2020,8,28,176,6,6.29,29.3,28,0,2/14,Chennai Super Kings,BOWLER
KM ASIF,2018,2,6,75,3,12.5,25,12,0,2/1,Chennai Super Kings,BOWLER
KM ASIF,2021,4,18,157,7,8.72,22.4,15.4,0,3/25,Chennai Super Kings,BOWLER
KARN SHARMA,2013,16,41.1,279,12,6.78,23.2,20.6,0,2/19,Chennai Super Kings,BOWLER
KARN SHARMA,2014,14,50.4,376,15,7.42,25.1,20.3,0,4/1,Chennai Super Kings,BOWLER
KARN SHARMA,2015,14,39.5,332,10,8.33,33.2,23.9,0,2/12,Chennai Super Kings,BOWLER
KARN SHARMA,2016,5,16.2,171,0,10.47,NA,NA,0,0/24,Chennai Super Kings,BOWLER
KARN SHARMA,2017,9,30.4,214,13,6.98,16.5,14.2,0,4/16,Chennai Super Kings,BOWLER
KARN SHARMA,2018,5,9.3,89,4,9.37,22.2,14.2,0,2/13,Chennai Super Kings,BOWLER
KARN SHARMA,2019,1,2.5,33,1,11.65,33,17,0,1/1,Chennai Super Kings,BOWLER
KARN SHARMA,2020,5,19,165,5,8.68,33,22.8,0,2/25,Chennai Super Kings,BOWLER
MITCHELL SANTNER ,2014,1,2,24,1,12,24,12,0,1/24,Chennai Super Kings,BOWLER
MITCHELL SANTNER ,2016,1,4,29,2,7.25,14.5,12,0,2/1,Chennai Super Kings,BOWLER
MITCHELL SANTNER ,2017,13,51,339,13,6.65,26.1,23.5,0,3/16,Chennai Super Kings,BOWLER
MITCHELL SANTNER ,2018,3,11,69,3,6.27,23,22,0,2/25,Chennai Super Kings,BOWLER
MITCHELL SANTNER ,2019,8,28,197,10,7.04,19.7,16.8,0,2/13,Chennai Super Kings,BOWLER
MITCHELL SANTNER ,2020,10,31.4,191,8,6.03,23.9,23.8,0,2/10,Chennai Super Kings,BOWLER
MITCHELL SANTNER ,2021,5,18,164,2,9.11,82,54,0,1/17,Chennai Super Kings,BOWLER
IMRAN TAHIR,2013,2,8,51,3,6.38,17,16,0,2/28,Chennai Super Kings,BOWLER
IMRAN TAHIR,2014,6,20.5,171,9,8.21,19,13.9,0,3/22,Chennai Super Kings,BOWLER
IMRAN TAHIR,2015,10,35.3,314,15,8.85,20.9,14.2,0,4/28,Chennai Super Kings,BOWLER
IMRAN TAHIR,2016,10,39,298,11,7.64,27.1,21.3,0,3/13,Chennai Super Kings,BOWLER
IMRAN TAHIR,2017,26,103,785,35,7.62,22.4,17.7,0,4/17,Chennai Super Kings,BOWLER
IMRAN TAHIR,2018,40,153.4,1049,54,6.83,19.4,17.1,0,4/14,Chennai Super Kings,BOWLER
IMRAN TAHIR,2019,50,188.1,1253,78,6.66,16.1,14.5,0,4/12,Chennai Super Kings,BOWLER
IMRAN TAHIR,2020,23,84,553,27,6.58,20.5,18.7,0,3/12,Chennai Super Kings,BOWLER
IMRAN TAHIR,2021,1,4,29,2,7.25,14.5,12,0,2/1,Chennai Super Kings,BOWLER
SAM CURRAN,2015,7,20,163,7,8.15,23.3,17.1,0,3/17,Chennai Super Kings,ALL ROUNDER
SAM CURRAN,2016,14,39,308,11,7.9,28,21.3,0,2/23,Chennai Super Kings,ALL ROUNDER
SAM CURRAN,2017,17,60,538,17,8.97,31.6,21.2,0,4/13,Chennai Super Kings,ALL ROUNDER
SAM CURRAN,2018,8,25,181,7,7.24,25.9,21.4,0,2/20,Chennai Super Kings,ALL ROUNDER
SAM CURRAN,2019,17,57.3,559,15,9.72,37.3,23,0,4/11,Chennai Super Kings,ALL ROUNDER
SAM CURRAN,2020,13,42,344,13,8.19,26.5,19.4,0,3/19,Chennai Super Kings,ALL ROUNDER
DWAYNE BRAVO,2008,9,28.3,232,11,8.14,21.1,15.5,0,3/24,Chennai Super Kings,ALL ROUNDER
DWAYNE BRAVO,2009,17,55.1,449,23,8.14,19.5,14.4,0,4/23,Chennai Super Kings,ALL ROUNDER
DWAYNE BRAVO,2010,13,37.1,315,8,8.48,39.4,27.9,0,2/11,Chennai Super Kings,ALL ROUNDER
DWAYNE BRAVO,2011,12,39,313,12,8.03,26.1,19.5,0,2/21,Chennai Super Kings,ALL ROUNDER
DWAYNE BRAVO,2012,29,95.4,802,25,8.38,32.1,23,0,3/17,Chennai Super Kings,ALL ROUNDER
DWAYNE BRAVO,2013,31,105.4,826,49,7.82,16.9,12.9,0,4/1,Chennai Super Kings,ALL ROUNDER
DWAYNE BRAVO,2014,20,64.4,537,15,8.3,35.8,25.9,0,3/1,Chennai Super Kings,ALL ROUNDER
DWAYNE BRAVO,2015,32,109.5,836,56,7.61,14.9,11.8,1,5/23,Chennai Super Kings,ALL ROUNDER
DWAYNE BRAVO,2016,61,219.1,1817,75,8.29,24.2,17.5,0,4/13,Chennai Super Kings,ALL ROUNDER
DWAYNE BRAVO,2017,23,79.5,686,36,8.59,19.1,13.3,1,5/28,Chennai Super Kings,ALL ROUNDER
DWAYNE BRAVO,2018,54,194.1,1815,62,9.35,29.3,18.8,0,3/11,Chennai Super Kings,ALL ROUNDER
DWAYNE BRAVO,2019,34,120.2,979,36,8.14,27.2,20.1,0,4/1,Chennai Super Kings,ALL ROUNDER
DWAYNE BRAVO,2020,15,53,420,15,7.92,28,21.2,0,3/1,Chennai Super Kings,ALL ROUNDER
RAVINDRA JADEJA,2008,2,2.1,21,0,9.69,NA,NA,0,1/1000,Chennai Super Kings,ALL ROUNDER
RAVINDRA JADEJA,2009,10,23.2,151,6,6.47,25.2,23.3,0,3/15,Chennai Super Kings,ALL ROUNDER
RAVINDRA JADEJA,2011,14,42,305,8,7.26,38.1,31.5,0,2/25,Chennai Super Kings,ALL ROUNDER
RAVINDRA JADEJA,2012,18,47,384,15,8.17,25.6,18.8,1,5/16,Chennai Super Kings,ALL ROUNDER
RAVINDRA JADEJA,2013,20,56.1,461,16,8.21,28.8,21.1,0,3/20,Chennai Super Kings,ALL ROUNDER
RAVINDRA JADEJA,2014,21,68.4,564,22,8.21,25.6,18.7,0,4/12,Chennai Super Kings,ALL ROUNDER
RAVINDRA JADEJA,2015,15,42.4,330,11,7.73,30,23.3,0,4/11,Chennai Super Kings,ALL ROUNDER
RAVINDRA JADEJA,2016,14,40.1,311,8,7.74,38.9,30.1,0,2/18,Chennai Super Kings,ALL ROUNDER
RAVINDRA JADEJA,2017,12,38,349,5,9.18,69.8,45.6,0,2/28,Chennai Super Kings,ALL ROUNDER
RAVINDRA JADEJA,2018,14,41,303,11,7.39,27.5,22.4,0,3/18,Chennai Super Kings,ALL ROUNDER
RAVINDRA JADEJA,2019,16,54,343,15,6.35,22.9,21.6,0,3/9,Chennai Super Kings,ALL ROUNDER
RAVINDRA JADEJA,2020,13,36.2,318,6,8.75,53,36.3,0,2/1,Chennai Super Kings,ALL ROUNDER
MOEEN ALI,2013,13,35.3,263,12,7.41,21.9,17.8,1,5/1,Chennai Super Kings,ALL ROUNDER
MOEEN ALI,2014,4,16,112,4,7,28,24,0,2/23,Chennai Super Kings,ALL ROUNDER
MOEEN ALI,2015,7,24,182,5,7.58,36.4,28.8,0,3/28,Chennai Super Kings,ALL ROUNDER
MOEEN ALI,2016,2,8,60,3,7.5,20,16,0,2/1,Chennai Super Kings,ALL ROUNDER
MOEEN ALI,2018,14,44.1,362,14,8.2,25.9,18.9,0,3/30,Chennai Super Kings,ALL ROUNDER
MOEEN ALI,2019,18,54,373,18,6.91,20.7,18,0,4/18,Chennai Super Kings,ALL ROUNDER
MOEEN ALI,2020,9,16,152,6,9.5,25.3,16,0,2/13,Chennai Super Kings,ALL ROUNDER
KRISHNAPPA GOWTHAM,2018,15,40,312,11,7.8,28.4,21.8,0,2/12,Chennai Super Kings,ALL ROUNDER
KRISHNAPPA GOWTHAM,2019,7,20,166,1,8.3,166,120,0,1/1,Chennai Super Kings,ALL ROUNDER
KRISHNAPPA GOWTHAM,2020,2,8,84,1,10.5,84,48,0,1/1,Chennai Super Kings,ALL ROUNDER
